Size,BubbleSortTime,QuickSortTime
500,0.0019061,0.0002812
1000,0.0033476,0.0001001
2000,0.0145359,0.0002236
5000,0.0956338,0.0007319
10000,0.4082567,0.0014523
